alias,canonical
〆切ごはん 2本立て1本目,〆切ごはん
〆切ごはん 2本立て2本目,〆切ごはん
NEW GAME,NEW GAME!
R18!,R 1 8 !
え? 結婚って3次元でもできるんですか?,え?結婚って3次元でもできるんですか?
カラフル・マキアート!-魔法少女は戦わない。-,カラフル・マキアート!ー魔法少女は戦わない。ー
きらきら☆スタディー~絶対合格宣言~,きらきら☆スタディー ~絶対合格宣言~
きらきら★スタディー ~絶対合格宣言~,きらきら☆スタディー ~絶対合格宣言~
こじらせBOY meets GIRL!,こじらせ BOY meets GIRL!
こみっくがーるず(),こみっくがーるず
こみっくがーるず・,こみっくがーるず
ちぐはく*るーむしぇあ,ちぐはぐ*るーむしぇあ
ののかノ~ト,ののかノート
ハルメタルドールズ,ハルメタルドールズ!
まい・ブックカード,まい・ブックカード!
まいにちハロウィン,まいにちハロウィン!
まおてん~魔王様が現代に転生したらオタクくんと同居することになった話。~,まおてん 〜魔王様が現代に転生したらオタクくんと同居することになった話。〜
